<?xml version="1.0" encoding="UTF-8" standalone="no"?><ASSIGNMENT5><DEPT><DEPTNO>10</DEPTNO><DNAME>SPORTS</DNAME><LOC>NEW YORK</LOC><EMP><EMPNO>7782</EMPNO><ENAME>CLARK</ENAME><JOB>MANAGER</JOB><MGR>7839</MGR><SAL>2450</SAL><COMM/><DEPTNO>10</DEPTNO></EMP><EMP><EMPNO>7839</EMPNO><ENAME>KING</ENAME><JOB>PRESIDENT</JOB><MGR>0</MGR><SAL>5000</SAL><COMM/><DEPTNO>10</DEPTNO></EMP><EMP><EMPNO>7934</EMPNO><ENAME>MILLER</ENAME><JOB>CLERK</JOB><MGR>7782</MGR><SAL>1300</SAL><COMM/><DEPTNO>10</DEPTNO></EMP><PRODUCT><PRODID>30</PRODID><PRICE>199</PRICE><MADE_BY>10</MADE_BY><DESCRIP>CALLAWAY IRONS</DESCRIP></PRODUCT><PRODUCT><PRODID>60</PRODID><PRICE>39</PRICE><MADE_BY>10</MADE_BY><DESCRIP>ACE TENNIS RACKET I</DESCRIP><CUSTOMER><CUSTID>11</CUSTID><PID>60</PID><NAME>Tanner</NAME><QUANTITY>11</QUANTITY></CUSTOMER><CUSTOMER><CUSTID>12</CUSTID><PID>60</PID><NAME>Tanner Miller</NAME><QUANTITY>11</QUANTITY></CUSTOMER><CUSTOMER><CUSTID>13</CUSTID><PID>60</PID><NAME>Tanner Miller</NAME><QUANTITY>11</QUANTITY></CUSTOMER><CUSTOMER><CUSTID>96711</CUSTID><PID>60</PID><NAME>Joe Sith</NAME><QUANTITY>3</QUANTITY></CUSTOMER></PRODUCT><PRODUCT><PRODID>61</PRODID><PRICE>49</PRICE><MADE_BY>10</MADE_BY><DESCRIP>ACE TENNIS RACKET II</DESCRIP><CUSTOMER><CUSTID>94061</CUSTID><PID>61</PID><NAME>Luke Moonwalker</NAME><QUANTITY>1</QUANTITY></CUSTOMER></PRODUCT></DEPT><DEPT><DEPTNO>20</DEPTNO><DNAME>HOME</DNAME><LOC>DALLAS</LOC><EMP><EMPNO>7369</EMPNO><ENAME>SMITH</ENAME><JOB>CLERK</JOB><MGR>7902</MGR><SAL>800</SAL><COMM/><DEPTNO>20</DEPTNO></EMP><EMP><EMPNO>7566</EMPNO><ENAME>JONES</ENAME><JOB>MANAGER</JOB><MGR>7839</MGR><SAL>2975</SAL><COMM/><DEPTNO>20</DEPTNO></EMP><EMP><EMPNO>7788</EMPNO><ENAME>SCOTT</ENAME><JOB>ANALYST</JOB><MGR>7566</MGR><SAL>3000</SAL><COMM/><DEPTNO>20</DEPTNO></EMP><EMP><EMPNO>7876</EMPNO><ENAME>ADAMS</ENAME><JOB>CLERK</JOB><MGR>7788</MGR><SAL>1100</SAL><COMM/><DEPTNO>20</DEPTNO></EMP><EMP><EMPNO>7902</EMPNO><ENAME>FORD</ENAME><JOB>ANALYST</JOB><MGR>7566</MGR><SAL>3000</SAL><COMM/><DEPTNO>20</DEPTNO></EMP><PRODUCT><PRODID>63</PRODID><PRICE>8</PRICE><MADE_BY>20</MADE_BY><DESCRIP>WELCOME MAT</DESCRIP></PRODUCT><PRODUCT><PRODID>71</PRODID><PRICE>24</PRICE><MADE_BY>20</MADE_BY><DESCRIP>BATH TOWELS</DESCRIP><CUSTOMER><CUSTID>97544</CUSTID><PID>71</PID><NAME>Yoda Yoga</NAME><QUANTITY>1</QUANTITY></CUSTOMER></PRODUCT></DEPT><DEPT><DEPTNO>30</DEPTNO><DNAME>OUTDOOR</DNAME><LOC>CHICAGO</LOC><EMP><EMPNO>7499</EMPNO><ENAME>ALLEN</ENAME><JOB>SALESMAN</JOB><MGR>7698</MGR><SAL>1600</SAL><COMM>300.0</COMM><DEPTNO>30</DEPTNO></EMP><EMP><EMPNO>7521</EMPNO><ENAME>WARD</ENAME><JOB>SALESMAN</JOB><MGR>7698</MGR><SAL>1250</SAL><COMM>500.0</COMM><DEPTNO>30</DEPTNO></EMP><EMP><EMPNO>7654</EMPNO><ENAME>MARTIN</ENAME><JOB>SALESMAN</JOB><MGR>7698</MGR><SAL>1250</SAL><COMM>1400.0</COMM><DEPTNO>30</DEPTNO></EMP><EMP><EMPNO>7698</EMPNO><ENAME>BLAKE</ENAME><JOB>MANAGER</JOB><MGR>7839</MGR><SAL>2850</SAL><COMM/><DEPTNO>30</DEPTNO></EMP><EMP><EMPNO>7844</EMPNO><ENAME>TURNER</ENAME><JOB>SALESMAN</JOB><MGR>7698</MGR><SAL>1500</SAL><COMM>0.0</COMM><DEPTNO>30</DEPTNO></EMP><EMP><EMPNO>7900</EMPNO><ENAME>JAMES</ENAME><JOB>CLERK</JOB><MGR>7698</MGR><SAL>950</SAL><COMM/><DEPTNO>30</DEPTNO></EMP><PRODUCT><PRODID>70</PRODID><PRICE>9</PRICE><MADE_BY>30</MADE_BY><DESCRIP>TENT STAKES</DESCRIP><CUSTOMER><CUSTID>95133</CUSTID><PID>70</PID><NAME>Darth Marth</NAME><QUANTITY>7</QUANTITY></CUSTOMER></PRODUCT><PRODUCT><PRODID>76</PRODID><PRICE>14</PRICE><MADE_BY>30</MADE_BY><DESCRIP>SB ENERGY BAR-6 PACK</DESCRIP></PRODUCT><PRODUCT><PRODID>80</PRODID><PRICE>70</PRICE><MADE_BY>30</MADE_BY><DESCRIP>HIKING BOOTS</DESCRIP></PRODUCT><PRODUCT><PRODID>81</PRODID><PRICE>12</PRICE><MADE_BY>30</MADE_BY><DESCRIP>SB VITA SNACK-6 PACK</DESCRIP></PRODUCT></DEPT><DEPT><DEPTNO>40</DEPTNO><DNAME>CLOTHING</DNAME><LOC>BOSTON</LOC><PRODUCT><PRODID>90</PRODID><PRICE>19</PRICE><MADE_BY>40</MADE_BY><DESCRIP>TENNIS SHIRT</DESCRIP></PRODUCT></DEPT></ASSIGNMENT5>